,1980,1981,1982,1983,1984,1985,1986,1987,1988,1989,1990,1991,1992,1993,1994,1995,1996,1997,1998,1999,2000,2001,2002,2003,2004,2005,2006,2007,2008,2009,2010,2011,2012,2013,2014,2015,2016,2017,2018,2019,2020,2021,2022
0,0.0,0.0,0.0,0.0,0.0,0.0,0.0,0.0,0.0,0.0,0.0,0.0,0.0,0.0,0.0,0.0,0.0,0.0,0.0,0.0,0.0,0.0,0.0,8.7,0.7,11.8,5.4,13.3,3.9,20.6,8.4,6.5,14.0,5.7,2.7,1.0,2.2,2.6,1.2,3.9,-2.4,0.0,0.0
1,2.7,5.7,2.9,1.1,2.0,-1.5,5.6,-0.8,-1.4,9.8,-10.0,-28.0,-7.2,9.6,9.4,8.9,9.1,-10.9,8.8,12.9,6.9,8.3,4.5,5.5,5.5,5.5,5.9,6.0,7.5,3.4,3.7,2.5,1.4,1.0,1.8,2.2,3.3,3.8,4.0,2.1,-3.5,8.5,4.0
2,-5.4,3.0,6.4,5.4,5.6,5.6,-0.2,-0.7,-1.9,4.8,0.8,-1.2,1.6,-2.1,-0.9,3.8,3.8,1.1,5.1,3.2,3.8,3.0,5.6,7.2,4.3,5.9,1.7,3.4,2.4,1.6,3.6,2.9,3.4,2.8,3.8,3.7,3.2,1.4,1.2,1.0,-5.1,3.5,4.7
3,0.0,0.0,0.0,0.0,0.0,0.0,0.0,0.0,0.0,0.0,0.0,0.0,0.0,0.0,0.0,0.0,0.0,0.0,0.0,0.0,0.0,8.1,4.5,8.7,8.1,5.4,4.8,1.6,-5.6,-5.3,-2.0,0.0,-5.0,-3.5,2.5,1.4,3.7,0.3,1.6,2.0,-11.2,8.9,6.6
4,2.4,-4.4,0.0,4.2,6.0,3.5,2.9,4.1,6.1,0.0,-3.5,12.1,11.4,11.0,10.5,10.4,11.2,7.3,4.7,2.2,3.1,4.2,13.7,3.0,11.0,15.0,11.5,14.0,11.2,0.9,4.9,3.5,8.5,5.0,4.8,0.9,-2.6,-0.2,-1.3,-0.7,-5.8,0.8,2.9
5,8.2,3.8,-0.1,5.4,10.2,7.6,11.5,6.6,5.2,5.3,3.0,2.2,1.2,5.3,6.7,-4.4,6.6,5.5,4.7,3.7,6.2,-4.5,1.0,6.1,5.8,6.5,12.7,9.3,0.0,-12.0,-7.8,-2.0,3.4,-0.6,3.8,3.8,5.5,3.1,6.9,4.9,-20.2,5.3,6.0
6,0.7,-5.7,-3.1,3.7,2.0,-7.0,7.1,2.5,-2.0,-7.0,-1.3,10.5,10.3,6.3,5.8,-2.8,5.5,8.1,3.9,-3.4,-0.8,-4.4,-10.9,9.0,8.9,8.9,8.0,9.0,4.1,-5.9,10.1,6.0,-1.0,2.4,-2.5,2.7,-2.1,2.8,-2.6,-2.0,-9.9,10.4,4.0
7,0.0,0.0,0.0,0.0,0.0,0.0,0.0,0.0,0.0,0.0,0.0,0.0,0.0,-14.1,5.4,8.0,5.2,3.4,6.3,3.2,5.9,9.5,14.8,14.1,10.5,14.1,13.2,13.7,6.9,-14.1,2.2,4.7,7.1,3.4,3.6,3.3,0.2,7.5,5.2,7.6,-7.4,5.7,7.0
8,0.0,0.0,0.0,0.0,0.0,0.0,0.0,16.1,18.6,12.1,4.0,8.0,5.9,7.3,8.2,2.5,1.3,7.0,2.0,1.4,7.7,4.2,-0.9,1.1,7.3,-0.4,1.1,3.1,1.8,-11.7,-2.7,3.4,-1.0,6.4,0.0,3.6,2.1,5.5,5.3,0.6,-18.6,17.2,4.0
9,2.9,4.1,0.1,-0.5,6.3,5.5,2.4,4.9,4.3,4.6,1.5,-1.0,2.6,3.9,4.8,3.0,4.0,4.6,4.6,4.3,3.1,2.7,4.2,3.0,4.1,3.0,2.6,4.4,2.6,1.9,2.4,2.8,3.8,2.2,2.6,2.3,2.7,2.4,2.8,2.0,-2.1,4.9,3.8
10,2.3,-0.1,1.9,2.8,0.3,2.2,2.3,1.7,1.0,3.9,4.3,3.4,2.1,0.5,2.4,2.7,2.4,2.1,3.6,3.6,3.4,1.3,1.7,0.9,2.7,2.2,3.5,3.7,1.5,-3.8,1.8,2.9,0.7,0.0,0.7,1.0,2.0,2.3,2.5,1.5,-6.7,4.6,4.7
11,0.0,0.0,0.0,0.0,0.0,0.0,0.0,0.0,0.0,0.0,0.0,0.0,0.0,-23.1,-19.7,-13.0,2.5,8.9,6.0,11.4,6.2,6.5,9.4,10.2,9.3,28.0,34.5,25.5,10.6,9.4,4.8,-1.6,2.2,5.8,2.8,1.0,-3.1,0.2,1.5,2.5,-4.2,5.6,3.7
12,7.1,-2.9,6.3,6.8,2.4,4.1,2.6,3.7,2.3,2.3,1.1,-4.2,-3.8,0.3,3.1,4.4,4.2,4.9,4.7,7.1,4.1,2.6,2.7,-1.3,0.9,3.4,2.5,1.4,-2.3,-4.2,1.5,0.6,3.1,-2.9,1.8,1.0,-0.9,3.1,1.8,1.9,-23.8,13.7,8.0
13,7.5,2.8,6.4,7.0,4.2,-0.9,0.5,-1.2,6.0,1.0,3.5,2.3,7.1,7.6,3.2,1.9,3.2,2.3,4.8,6.0,7.0,2.5,3.3,6.3,7.0,6.8,6.5,8.3,6.2,2.5,4.3,2.0,3.7,5.4,4.4,2.5,3.6,4.3,2.1,2.2,-4.9,2.2,3.4
14,151.6,3.8,2.4,4.0,5.2,3.2,4.2,3.7,2.2,2.6,5.9,3.3,5.0,4.6,4.1,4.9,4.6,4.5,5.2,4.7,5.3,5.1,3.8,4.7,5.2,6.5,6.7,7.1,6.0,5.0,5.6,6.5,6.5,6.0,6.1,6.6,7.1,6.6,7.3,7.9,3.4,6.9,7.2
15,4.4,-1.9,-4.9,0.5,3.6,1.1,5.1,2.6,3.5,3.6,-3.3,-3.9,-5.7,0.8,2.0,2.0,4.0,4.7,3.7,0.3,4.5,-2.4,0.8,2.2,1.4,4.0,5.7,2.2,0.7,-5.1,-2.3,-0.7,-0.4,-1.4,-0.1,2.4,2.5,0.5,-0.6,-1.3,-13.7,0.7,10.5
16,0.0,0.0,4.0,4.3,3.0,1.7,3.6,2.8,5.3,3.0,-2.3,-1.2,-9.6,-7.6,-11.7,-11.1,2.8,11.4,8.4,3.4,5.8,4.7,5.0,7.0,11.4,9.5,10.0,8.6,10.2,0.2,7.8,5.3,1.6,1.0,1.7,-3.8,-2.5,2.5,3.1,1.4,-0.7,2.3,-7.0
17,4.4,-0.3,0.6,0.3,2.5,1.7,1.8,2.3,4.7,3.5,3.1,1.8,1.5,-1.0,3.2,2.4,1.3,3.8,2.0,3.5,3.7,1.1,1.7,1.0,3.6,2.3,2.6,3.7,0.4,-2.0,2.9,1.7,0.7,0.5,1.6,2.0,1.3,1.6,1.8,2.1,-5.7,6.2,2.4
18,5.0,0.2,-7.6,6.1,11.3,-1.4,7.3,22.0,10.9,15.5,11.2,11.5,12.0,6.3,0.2,0.6,1.1,3.6,3.9,9.0,13.0,5.0,5.1,9.3,4.6,2.2,4.6,2.8,0.0,-0.6,2.2,0.2,4.1,4.8,3.9,2.6,-2.3,-1.0,0.3,4.5,-13.7,16.3,3.5
19,9.3,1.9,1.7,-2.0,0.4,4.3,2.7,-2.1,3.4,-2.8,9.0,4.2,3.0,5.8,2.0,6.0,4.3,5.7,4.0,4.4,5.9,5.3,4.6,3.4,4.4,1.7,3.9,6.0,4.9,2.3,2.1,3.0,4.8,7.2,6.4,1.8,3.3,5.7,6.7,6.9,3.8,7.2,5.7
20,5.0,13.6,8.2,7.3,7.6,4.3,8.0,20.2,15.1,6.2,9.1,4.9,2.1,3.2,2.2,6.0,6.0,5.5,6.0,7.1,6.9,7.0,9.5,9.3,6.9,6.7,7.1,12.9,11.0,5.8,9.5,9.9,6.5,3.6,4.0,6.2,7.4,6.3,3.8,4.4,-2.3,-3.3,4.0
21,0.6,0.3,-3.9,-4.0,-0.2,-1.7,-2.6,2.5,2.9,3.8,4.6,5.3,1.6,4.3,4.7,4.7,4.4,5.0,5.0,0.4,2.5,1.7,2.5,2.7,4.2,4.4,4.8,4.6,6.1,3.4,4.1,5.2,5.1,6.8,5.5,4.9,4.3,4.2,4.2,2.2,-8.7,6.1,3.8
22,0.0,0.0,0.0,0.0,0.0,0.0,0.0,0.0,0.0,0.0,0.0,0.0,0.0,0.0,0.0,20.7,62.2,22.9,13.8,10.7,4.4,2.4,5.1,3.9,6.3,4.2,5.7,6.0,5.6,-0.8,0.8,0.9,-0.7,2.4,1.1,3.1,3.1,3.2,3.7,2.8,-3.1,7.5,2.4
23,12.0,8.2,15.9,10.8,6.5,7.7,8.6,14.9,23.4,4.7,8.8,6.2,-0.2,4.0,-0.8,8.5,2.5,7.1,-1.6,8.0,4.3,2.3,7.4,5.4,1.4,5.0,6.0,5.8,3.3,-14.1,10.1,6.8,-0.2,11.1,5.7,-4.9,7.2,4.1,4.2,3.0,-8.7,11.4,4.1
24,9.2,-4.4,0.6,-3.4,5.3,7.9,7.5,3.6,0.3,3.2,-4.2,1.0,-0.5,4.7,5.3,4.4,2.2,3.4,0.3,0.5,4.4,1.4,3.1,1.1,5.8,3.2,4.0,6.1,5.1,-0.1,7.5,4.0,1.9,3.0,0.5,-3.5,-3.3,1.3,1.8,1.2,-3.9,4.6,2.8
25,0.0,0.0,0.0,0.0,0.0,0.0,-2.7,2.0,1.1,-1.1,1.1,3.1,4.8,0.3,3.1,4.5,2.9,-1.5,-0.6,3.1,2.8,2.7,3.9,2.9,0.5,0.4,4.4,0.2,-1.9,-1.8,2.6,3.7,0.9,-2.1,-2.5,-0.4,-2.5,1.3,0.1,3.9,1.1,-1.6,1.2
26,5.7,5.3,4.2,3.0,4.6,1.8,5.3,4.7,2.4,-0.5,-9.1,-10.8,-8.4,-11.6,-3.7,-1.6,-8.0,-14.1,3.8,-8.4,4.6,3.8,5.9,5.2,6.5,7.1,6.8,6.6,6.1,-3.3,1.5,2.1,0.8,-0.6,1.0,3.4,3.0,2.8,2.7,4.0,-4.4,4.2,3.9
27,4.0,2.7,1.4,-1.2,1.6,11.3,8.0,-0.2,5.8,2.2,-0.6,9.1,0.2,3.5,1.3,5.7,11.0,6.3,7.3,7.3,1.9,6.6,4.4,7.8,4.5,8.7,6.3,4.1,5.8,3.0,8.4,6.6,6.5,5.8,4.3,3.9,6.0,6.2,6.7,5.7,1.9,6.9,3.6
28,-6.8,12.2,-1.1,3.7,0.2,11.8,3.2,5.5,5.0,1.3,3.5,5.8,1.0,-6.2,-3.8,-7.9,-8.0,0.4,4.8,1.2,1.8,1.7,2.4,2.5,3.8,4.4,5.4,3.5,4.9,3.8,5.1,4.0,4.4,4.9,4.2,-3.9,-0.6,0.5,1.6,1.8,0.3,3.1,3.3
29,5.3,8.4,2.8,9.5,3.8,8.6,2.9,4.3,6.0,5.7,0.7,1.4,3.0,7.3,6.9,7.5,6.7,7.6,8.4,11.9,7.3,6.1,5.3,7.5,4.9,5.8,9.1,9.2,6.7,-1.3,1.5,4.0,1.1,0.8,0.6,1.0,4.7,3.7,14.6,5.7,-14.8,7.0,4.0
30,0.0,0.0,0.0,0.0,0.0,0.0,0.0,0.0,9.6,3.3,1.1,7.6,7.1,4.0,8.2,6.0,5.9,4.0,4.7,12.7,9.6,8.6,6.6,8.5,10.3,13.3,10.8,10.2,6.7,0.1,6.0,7.1,7.3,7.4,7.1,7.0,6.9,7.0,7.5,7.1,-3.1,3.0,5.1
31,9.9,17.1,7.6,6.8,7.5,8.1,6.8,-2.2,-7.9,-1.8,-6.2,-3.8,-3.1,-3.2,-2.5,3.3,4.9,5.3,4.9,4.1,3.4,3.4,4.8,5.0,6.6,1.2,3.5,4.1,2.9,2.6,2.9,3.5,4.5,5.0,5.8,5.6,4.5,3.5,4.0,3.4,0.5,3.6,3.8
32,2.2,3.5,-3.2,2.6,5.9,4.7,2.1,4.1,4.4,2.3,0.2,-2.1,0.9,2.7,4.5,2.7,1.6,4.3,3.9,5.2,5.2,1.8,3.0,1.8,3.1,3.2,2.6,2.1,1.0,-2.9,3.1,3.1,1.8,2.3,2.9,0.7,1.0,3.0,2.8,1.9,-5.2,4.5,3.3
33,-3.0,13.0,-3.6,-6.0,9.9,3.7,7.2,0.0,1.7,3.8,1.4,-0.8,-4.9,-1.2,12.6,3.2,-6.2,4.1,3.3,2.9,-3.6,2.6,2.1,-2.2,-0.1,2.9,4.8,4.0,2.6,2.8,4.6,4.2,5.1,-36.4,0.1,4.3,4.7,4.5,3.8,3.0,1.0,1.0,1.5
34,-6.0,-10.8,5.4,15.7,5.3,7.9,6.0,3.6,7.5,2.0,3.2,10.4,2.4,-2.1,5.5,-0.8,2.1,5.7,7.0,-0.7,-0.9,11.7,8.5,14.7,33.6,8.3,0.6,3.3,3.1,4.1,13.6,0.1,8.8,5.8,6.9,1.8,-5.6,-2.4,2.4,3.4,-2.2,-1.1,3.3
35,7.9,6.2,-13.6,-2.8,5.9,2.0,5.6,6.6,7.3,10.6,3.7,7.8,11.1,6.7,5.1,8.9,6.5,7.4,4.2,-0.3,5.0,3.1,3.2,4.7,6.7,5.9,6.1,5.2,3.8,-1.1,5.8,6.2,6.2,3.3,1.8,2.2,1.7,1.3,3.9,0.9,-6.1,11.7,2.0
36,7.9,5.1,9.0,10.8,15.2,13.5,8.6,11.7,11.2,4.2,3.9,9.3,14.3,13.9,13.0,11.0,9.9,9.2,7.9,7.7,8.5,8.3,9.1,10.0,10.1,11.4,12.7,14.2,9.6,9.4,10.6,9.6,7.8,7.8,7.4,7.0,6.9,6.9,6.8,6.0,2.2,8.1,3.2
37,4.4,2.3,0.9,1.6,3.4,3.1,5.8,5.4,4.1,3.4,4.3,2.4,4.4,5.7,5.1,5.2,2.1,3.4,0.6,-4.2,2.9,1.7,2.5,3.9,5.3,4.7,6.7,6.7,3.3,1.1,4.5,6.9,3.9,5.1,4.5,3.0,2.1,1.4,2.6,3.2,-7.0,10.7,7.6
38,7.4,5.5,4.1,3.1,4.2,2.9,2.2,2.2,5.1,-0.8,7.4,-6.2,7.4,2.5,-4.0,5.6,-0.5,4.4,0.0,2.7,-1.0,5.4,4.6,2.0,3.1,5.7,-1.8,0.8,4.0,3.2,3.8,4.1,3.2,4.5,2.1,1.3,3.5,4.2,3.6,1.8,-0.3,2.2,3.0
39,2.4,0.9,-0.5,1.4,4.8,0.5,4.7,2.7,0.5,-1.3,-6.6,-8.4,-10.5,-13.5,-6.1,2.8,-1.9,-7.8,-3.9,-3.8,-8.1,-2.1,2.9,5.6,6.7,6.1,5.3,6.3,6.2,2.9,7.1,6.9,7.1,8.5,9.5,6.9,2.4,3.7,5.8,4.4,1.7,6.2,6.1
40,12.7,2.6,2.4,2.4,2.4,2.4,2.3,2.3,21.9,21.3,1.0,3.4,4.2,1.3,-1.4,4.0,3.5,-1.0,8.9,-3.7,11.8,-4.8,1.0,0.5,-0.2,9.2,8.0,-6.6,6.3,11.6,9.9,2.2,9.9,-0.7,6.7,-3.6,-10.7,-4.4,-4.8,-0.4,-8.1,-0.6,4.3
41,0.8,-2.3,-7.3,2.9,8.0,0.7,5.5,4.8,3.4,5.7,3.6,2.3,9.2,7.1,4.5,4.2,1.4,5.5,7.2,4.2,3.9,3.5,3.4,4.3,4.4,4.0,7.3,8.2,4.7,-0.9,5.4,4.4,4.9,2.5,3.5,3.7,4.2,4.2,2.6,2.4,-4.1,7.8,3.8
42,0.0,0.0,0.0,0.0,0.0,0.0,0.0,0.0,0.0,0.0,0.0,0.0,0.0,-8.0,5.9,6.6,5.9,6.6,1.9,-0.9,3.7,3.0,5.7,5.5,4.1,4.3,4.9,4.9,1.9,-7.3,-1.3,-0.1,-2.3,-0.4,-0.3,2.5,3.5,3.4,2.9,3.5,-8.1,10.2,5.9
43,5.9,3.1,6.3,5.3,8.8,4.7,3.6,7.1,8.3,8.1,7.4,0.7,9.4,0.7,5.9,9.9,1.2,2.6,6.1,5.0,6.0,4.0,3.7,2.6,5.0,4.9,4.7,5.1,3.6,-2.0,2.0,0.4,-3.4,-6.6,-1.8,3.4,6.5,5.9,5.7,5.3,-5.0,5.6,3.5
44,0.0,0.0,0.0,0.0,0.0,0.0,0.0,0.0,0.0,0.0,0.0,0.0,0.0,0.0,0.0,0.0,4.5,-0.5,-0.4,1.4,4.0,3.0,1.6,3.6,4.8,6.6,6.8,5.6,2.7,-4.7,2.4,1.8,-0.8,0.0,2.3,5.4,2.5,5.2,3.2,3.0,-5.5,3.5,1.9
45,5.2,3.5,0.2,-2.5,-2.0,3.6,4.8,-0.5,1.1,3.0,-1.1,0.0,-0.3,-0.2,0.2,5.6,8.1,5.7,4.9,1.6,-2.1,0.1,-1.7,-1.4,1.2,1.7,1.5,1.8,2.5,3.3,2.0,-4.9,10.9,9.3,8.8,8.8,7.2,7.4,6.9,6.2,2.0,7.0,5.5
46,-0.5,-0.7,3.7,2.6,4.2,4.0,4.9,0.3,0.0,0.6,1.5,1.4,2.0,0.0,5.3,3.0,2.9,3.3,2.2,2.9,3.7,0.8,0.5,0.4,2.7,2.3,3.9,0.9,-0.5,-4.9,1.9,1.3,0.2,0.9,1.6,2.3,3.2,2.8,2.0,1.5,-2.0,4.9,2.6
47,0.0,0.0,0.0,0.0,0.0,0.0,0.0,0.0,0.0,0.0,0.0,-4.5,0.6,-6.8,-1.4,-3.5,-3.7,-1.2,0.1,2.9,0.7,1.8,3.2,3.2,2.8,3.1,4.8,5.0,5.8,1.6,4.1,7.3,4.8,5.0,7.1,7.5,7.1,5.5,4.8,5.5,1.2,4.8,3.6
48,13.4,10.8,4.1,2.6,4.2,1.4,7.1,6.3,7.8,-0.2,5.4,1.3,2.0,2.2,0.0,3.0,3.1,2.2,3.8,0.4,2.3,-0.1,-2.8,6.4,3.1,0.7,4.7,6.4,7.1,-1.2,0.7,-0.2,-1.1,-1.0,4.8,-2.7,2.8,-6.6,3.5,5.5,-16.6,4.8,6.0
49,8.0,4.3,1.7,4.6,1.3,-2.1,3.5,10.1,2.2,4.4,-5.5,0.9,11.2,7.4,2.6,5.7,6.0,8.9,6.7,5.9,4.7,2.5,4.5,-1.3,2.6,9.4,9.2,7.4,3.2,0.9,8.3,3.1,2.7,4.9,7.1,6.9,6.7,4.7,7.0,5.1,-6.7,12.3,5.3
50,4.9,3.9,1.2,-2.8,4.2,4.4,3.1,-6.0,10.5,0.3,3.0,5.1,3.6,2.0,4.3,2.3,1.7,4.3,3.3,-4.7,1.1,4.0,4.1,2.7,8.2,5.3,4.4,2.2,6.4,0.6,3.5,7.9,5.6,4.9,3.8,0.1,-1.2,2.4,1.3,0.0,-7.8,4.2,2.9
51,3.4,2.2,7.3,8.9,8.0,7.4,4.8,4.3,4.0,3.0,2.3,2.1,0.3,2.9,4.2,4.5,4.9,5.9,7.5,6.1,5.4,3.5,3.2,3.2,4.1,4.5,6.8,7.1,7.2,4.7,5.1,1.8,2.2,3.3,4.3,5.8,5.8,5.4,5.0,5.5,3.5,3.3,6.6
52,-8.6,-5.7,-6.3,1.5,1.3,0.6,0.2,2.5,1.9,1.0,4.8,1.5,7.0,5.8,4.7,4.7,0.8,3.1,2.7,2.2,1.1,0.9,1.6,1.6,0.9,2.7,4.3,1.9,2.1,-2.1,2.1,3.8,2.8,2.2,1.7,2.4,2.5,2.3,2.4,2.4,-8.2,10.3,2.6
53,4.8,5.8,2.2,5.0,1.0,12.9,-2.3,4.4,2.7,-1.2,2.5,-1.2,33.0,10.5,16.8,26.5,52.7,148.0,24.8,26.4,110.5,60.0,19.6,14.5,30.4,8.2,6.5,15.3,17.8,1.3,-8.9,6.5,8.3,-4.1,0.4,-9.1,-8.8,-5.7,-6.2,-5.5,-4.2,-3.2,5.8
54,0.0,0.0,0.0,0.0,0.0,0.0,0.0,0.0,0.0,0.0,0.0,0.0,0.0,12.9,20.9,2.3,9.1,7.9,2.0,0.2,-12.4,8.8,3.0,-2.7,1.5,2.6,-1.0,1.4,-19.4,12.2,10.9,25.7,1.9,-10.5,30.9,-20.6,7.4,-10.0,13.0,3.8,-0.5,2.9,2.6
55,0.0,0.0,0.0,0.0,0.0,0.0,0.0,0.0,0.0,0.0,0.0,0.0,0.0,0.0,-1.6,2.2,4.9,13.0,4.3,-0.4,10.1,6.0,6.8,7.6,6.8,9.5,9.8,7.6,-5.1,-14.6,2.4,7.3,3.2,1.5,3.0,1.9,3.2,5.8,3.8,3.7,-0.6,8.0,1.0
56,-3.8,6.9,1.4,-0.5,2.5,1.9,18.6,10.0,7.6,9.4,9.9,1.8,3.2,3.1,2.4,4.8,3.8,3.1,2.6,3.0,1.8,1.1,4.4,3.9,3.6,6.0,6.0,4.4,0.8,1.6,3.8,2.2,5.4,3.9,0.9,2.2,1.1,2.0,2.4,2.7,-1.6,7.9,2.4
57,4.0,0.0,1.0,7.8,-2.3,-11.4,9.7,13.9,0.6,-0.5,2.6,-7.2,-8.9,13.4,3.5,6.1,13.5,2.8,-4.2,6.3,9.8,7.4,1.6,-2.1,11.7,12.6,11.5,11.8,11.2,10.0,10.6,11.4,8.7,9.9,10.3,10.4,8.0,10.2,7.7,9.0,6.1,6.3,3.8
58,-1.7,6.0,-1.1,-4.2,10.1,-3.8,6.6,-7.2,3.5,13.9,5.8,-2.7,6.1,2.6,5.1,2.6,4.8,-2.4,1.3,8.7,-1.7,1.9,3.2,0.8,5.4,-1.3,1.9,-0.9,1.0,-1.4,3.0,2.7,1.4,4.7,5.6,4.5,2.4,5.4,3.8,-0.6,-17.0,-5.1,12.5
59,5.7,1.3,3.1,3.1,3.2,3.5,2.7,3.6,5.2,5.1,0.2,-5.9,-3.3,-0.7,4.0,4.2,3.7,6.3,5.5,4.4,5.8,2.6,1.7,2.0,4.0,2.8,4.0,5.3,0.8,-8.1,3.2,2.5,-1.4,-0.9,-0.4,0.5,2.8,3.2,1.1,1.2,-2.2,3.0,2.1
60,1.8,1.1,2.5,1.3,1.6,1.7,2.3,2.6,4.6,4.5,2.9,1.1,1.5,-0.7,2.4,2.3,1.4,2.3,3.6,3.3,4.1,1.9,1.2,0.8,2.6,1.7,2.6,2.4,0.2,-2.8,1.8,2.2,0.4,0.7,1.0,1.1,1.0,2.4,1.8,1.9,-7.9,6.8,2.5
61,0.0,-4.0,4.1,2.0,4.9,5.8,-2.1,-15.4,3.5,15.4,5.1,6.1,-3.1,3.9,3.7,5.0,3.6,5.7,3.5,-8.9,-1.9,2.1,0.2,1.7,1.1,-0.8,-1.9,6.3,1.7,-2.3,6.3,7.1,5.3,5.5,4.4,3.9,2.1,0.5,0.8,3.9,-1.9,1.5,2.7
62,0.7,-9.5,20.8,13.5,-7.6,3.6,2.4,2.8,1.7,4.3,5.7,2.2,1.8,3.8,-3.4,3.3,2.9,1.4,6.5,6.4,5.5,5.8,-3.2,6.9,7.0,-2.4,-0.6,3.0,6.3,6.7,5.9,-8.1,5.2,2.9,-1.4,4.1,1.9,4.8,7.2,6.2,0.6,4.3,5.0
63,0.0,0.0,0.0,0.0,0.0,0.0,0.0,0.0,0.0,0.0,0.0,-21.1,-44.9,-29.3,-10.4,2.6,10.5,10.5,3.1,2.9,1.8,4.8,5.5,11.1,5.8,9.6,9.4,12.6,2.4,-3.7,6.2,7.4,6.4,3.6,4.4,3.0,2.9,4.8,4.8,5.0,-6.8,10.4,9.0
64,1.3,0.1,-0.8,1.6,2.8,2.2,2.4,1.5,3.7,3.9,5.7,5.0,1.9,-1.0,2.4,1.5,0.8,1.8,2.0,1.9,2.9,1.7,-0.2,-0.7,1.2,0.7,3.8,3.0,1.0,-5.7,4.2,3.9,0.4,0.4,2.2,1.5,2.2,2.7,1.0,1.1,-3.7,2.6,1.5
65,0.5,-3.8,-8.3,-6.2,9.4,6.4,6.2,6.7,6.5,4.5,3.6,4.8,4.5,4.8,3.5,4.2,4.8,5.8,5.0,4.5,3.6,3.8,4.6,5.1,5.4,6.2,5.8,4.1,9.0,5.7,7.8,13.9,8.4,7.2,2.9,2.1,3.4,8.1,6.2,6.5,0.5,5.4,3.6
66,0.7,-1.6,-1.1,-1.1,2.0,2.5,0.5,-2.3,4.3,3.8,0.0,3.1,0.7,-1.6,2.0,2.1,2.9,4.5,3.9,3.1,3.9,4.1,3.9,5.8,5.1,0.6,5.7,3.3,-0.3,-4.3,-5.5,-10.1,-7.1,-2.5,0.5,-0.2,-0.5,1.1,1.7,1.8,-9.0,8.3,5.2
67,15.1,1.4,4.1,3.3,4.0,6.0,7.4,9.1,2.9,3.8,4.2,1.4,-0.8,-2.0,1.8,2.2,4.4,4.9,11.8,7.0,5.1,-2.0,3.4,9.5,-0.6,13.3,-4.0,6.1,0.9,-6.6,-0.5,0.8,-1.2,2.4,7.3,6.4,3.7,4.4,4.4,0.7,-13.8,5.6,3.6
68,3.7,0.6,-3.5,-2.5,0.5,-0.6,0.1,3.6,3.9,3.9,3.1,3.0,4.6,3.4,3.5,4.4,2.8,4.1,4.6,3.7,2.5,2.4,4.2,2.6,3.0,3.1,5.6,6.0,3.7,0.6,2.8,4.4,3.1,3.5,4.4,4.1,2.7,3.1,3.4,4.0,-1.8,8.0,3.4
69,2.6,0.6,1.8,1.3,1.4,5.0,3.1,3.3,6.3,4.0,4.3,2.5,3.3,5.0,4.0,4.7,4.5,5.2,3.6,3.8,2.5,3.7,5.2,1.2,2.3,3.0,2.5,6.5,4.1,-1.5,4.2,5.6,5.9,3.9,3.7,3.8,10.8,10.3,6.4,5.6,4.9,3.8,4.6
70,0.0,-0.5,4.2,-3.4,5.5,4.3,-1.0,5.6,2.0,2.9,4.6,7.3,3.1,2.3,3.0,4.0,3.7,6.0,-22.4,16.8,1.1,4.8,3.7,-0.3,1.2,6.6,2.7,2.6,4.5,2.4,5.6,8.1,-1.7,3.3,1.0,6.1,5.3,4.8,3.8,4.5,1.5,5.0,3.8
71,-2.1,0.6,-8.9,-11.5,2.1,0.4,-0.2,-0.1,-6.0,-4.9,-3.0,6.0,7.8,8.2,8.5,5.1,8.0,6.2,-1.7,3.0,-1.3,2.3,1.1,-0.7,1.6,-1.9,5.1,7.0,2.0,3.3,4.4,5.4,5.0,3.7,1.7,0.7,3.8,3.7,4.4,5.4,43.5,23.8,57.8
72,7.3,1.1,-2.8,-1.5,0.2,0.8,0.3,-0.4,0.6,-1.1,-0.4,1.3,-2.3,-4.9,-11.6,9.9,4.1,2.7,2.2,2.7,0.9,-0.3,1.1,3.5,-1.3,3.1,1.8,4.7,2.7,5.9,-5.7,5.1,0.5,4.3,1.7,2.6,1.8,2.5,1.7,-1.7,-3.3,-1.8,-1.2
73,0.6,-1.2,-2.1,0.9,6.3,5.6,5.3,6.6,1.7,2.7,2.8,-3.3,6.1,6.5,0.2,6.2,1.9,4.6,3.6,-0.7,7.3,2.7,3.8,4.5,6.2,6.1,6.6,6.2,4.2,-2.4,3.7,3.8,4.1,2.8,3.1,3.8,3.9,4.8,3.8,2.7,-9.0,12.5,3.4
74,10.3,9.2,2.9,6.0,10.0,0.7,11.1,13.4,8.5,2.3,3.8,5.7,6.2,6.2,6.0,2.4,4.3,5.1,-5.9,2.5,7.7,0.6,1.7,3.1,8.7,7.4,7.0,6.5,2.1,-2.5,6.8,4.8,1.7,3.1,2.8,2.4,2.2,3.8,2.8,-1.7,-6.5,6.3,-0.8
75,0.2,2.9,2.8,0.7,2.7,-0.3,1.5,4.1,-0.1,0.7,-3.5,-11.9,-3.1,-0.6,2.9,2.5,0.1,3.1,3.9,3.1,4.5,4.1,4.7,4.1,4.8,4.2,4.0,0.2,1.1,-6.7,1.1,1.9,-1.4,1.9,4.2,3.8,2.3,4.3,5.4,4.6,-4.5,7.1,5.7
76,5.7,4.3,2.2,-2.2,4.1,3.3,6.3,8.5,-0.1,0.3,1.2,-0.2,-3.4,1.3,3.6,0.1,4.6,5.8,7.4,4.0,5.0,4.0,0.6,2.1,7.8,6.1,6.3,8.5,2.2,-7.7,-2.8,1.8,1.1,4.6,1.7,4.4,6.3,4.2,4.9,2.4,-6.8,4.4,5.1
77,5.3,6.0,3.5,7.3,3.8,5.3,4.8,4.0,9.6,5.9,5.5,1.1,5.5,4.8,6.7,7.6,7.5,4.0,6.2,8.5,4.0,4.9,3.9,7.9,7.8,9.3,9.3,9.8,3.9,8.5,10.3,6.6,5.5,6.4,7.4,8.0,8.3,6.8,6.5,3.7,-6.6,8.7,6.8
78,9.9,7.6,2.2,4.2,7.6,3.9,7.2,6.6,7.0,9.1,9.0,8.9,6.5,8.0,7.5,8.2,7.8,4.7,-13.1,0.8,5.0,3.6,4.5,4.8,5.0,5.7,5.5,6.3,7.4,4.7,6.4,6.2,6.0,5.6,5.0,4.9,5.0,5.1,5.2,5.0,-2.1,3.7,5.3
79,-21.6,-5.7,23.2,11.1,-7.1,1.9,-9.8,-0.2,-6.1,6.1,13.6,12.7,3.3,-1.5,-1.7,2.4,6.4,1.4,2.1,2.0,5.8,2.4,8.1,8.6,4.3,3.2,5.0,8.2,0.3,1.0,5.8,2.6,-3.7,-1.5,5.0,-1.4,8.8,2.8,-1.8,-3.1,3.3,4.7,3.0
80,0.0,0.0,0.0,0.0,0.0,0.0,0.0,0.0,0.0,0.0,0.0,0.0,0.0,0.0,0.0,0.0,0.0,0.0,0.0,24.8,-4.3,-6.6,-7.8,81.8,53.4,1.7,5.6,1.9,8.2,3.4,6.4,7.5,13.9,7.6,0.7,2.5,15.2,-3.4,4.7,5.8,-15.7,7.7,9.3
81,2.9,2.5,1.5,-0.7,3.2,1.9,0.4,3.6,3.0,5.6,7.7,1.6,3.6,2.3,5.9,9.6,9.1,10.7,8.8,10.5,9.4,5.3,5.9,3.0,6.8,5.7,5.0,5.3,-4.5,-5.1,1.7,0.8,0.0,1.1,8.6,24.4,2.0,9.0,8.5,5.4,6.2,13.6,9.0
82,3.6,4.7,1.4,2.6,2.2,4.5,3.6,7.5,3.6,1.4,6.6,4.6,7.2,3.8,7.0,9.7,5.9,3.8,4.1,3.3,8.7,0.3,-0.1,1.4,4.8,4.1,5.6,6.0,3.3,0.9,5.7,5.6,2.6,4.4,3.9,2.5,4.5,4.3,4.1,4.2,-1.9,8.6,6.1
83,3.1,0.6,0.2,0.9,3.0,2.6,2.7,3.1,4.0,3.3,2.0,1.4,0.7,-0.8,2.1,2.7,1.3,1.8,1.8,1.6,3.8,2.0,0.3,0.1,1.4,0.8,1.8,1.5,-1.0,-5.3,1.7,0.7,-3.0,-1.8,0.0,0.8,1.3,1.7,0.9,0.5,-9.0,6.7,3.2
84,-4.0,4.4,3.1,4.2,0.9,-0.9,7.0,7.7,-4.0,4.7,4.9,0.8,2.8,2.2,1.9,2.5,0.2,-1.6,-1.2,1.0,0.8,1.3,0.7,3.7,1.3,0.9,2.9,1.4,-0.8,-3.4,-1.4,1.4,-0.5,0.2,0.6,0.9,1.5,0.7,1.8,1.0,-10.0,4.6,2.8
85,3.2,4.2,3.3,3.5,4.5,5.2,3.3,4.7,6.8,4.9,4.9,3.4,0.8,-0.5,0.9,2.6,3.1,1.0,-1.3,-0.3,2.8,0.4,0.0,1.5,2.2,1.8,1.4,1.5,-1.2,-5.7,4.1,0.0,1.4,2.0,0.3,1.6,0.8,1.7,0.6,-0.4,-4.6,1.7,1.7
86,11.3,15.3,5.2,0.2,5.6,-1.2,5.5,2.7,2.1,-11.3,1.1,2.4,13.3,3.1,5.0,6.4,0.7,4.3,3.3,2.8,4.3,4.8,7.0,3.9,8.1,8.4,8.9,8.0,6.9,5.0,2.3,2.7,2.4,2.6,3.4,2.5,2.0,2.1,1.9,2.0,-1.6,2.2,2.4
87,0.0,0.0,0.0,0.0,0.0,0.0,0.0,0.0,0.0,0.0,0.0,0.0,0.0,-9.2,-12.6,-8.2,0.5,1.7,-1.9,2.7,9.8,13.5,9.8,9.3,9.6,9.7,10.7,8.9,3.3,1.2,7.3,7.5,5.0,5.9,4.3,1.0,0.9,3.9,4.1,4.5,-2.6,4.1,2.5
88,5.6,4.1,5.1,1.6,1.6,4.1,7.0,5.8,6.1,4.6,4.1,1.3,-1.1,-0.1,2.5,4.3,4.5,0.4,3.0,2.2,0.3,4.0,0.5,2.9,4.6,5.7,5.9,6.9,0.2,3.3,8.1,5.1,4.6,3.8,5.0,5.0,4.2,3.8,5.7,5.1,-0.3,7.5,5.3
89,0.1,0.2,0.7,-2.7,2.4,-4.5,1.0,0.4,9.1,-3.1,-1.3,0.1,1.3,1.0,1.8,-0.1,1.1,2.0,6.9,-1.8,6.0,-1.4,4.0,2.0,-1.6,5.0,0.0,2.0,-2.1,0.8,-1.1,1.8,5.1,4.2,-1.1,9.9,-0.5,-0.2,5.3,-0.5,-0.5,1.5,1.0
90,-1.6,7.2,8.3,13.4,10.6,7.8,11.3,12.7,12.0,7.1,9.9,10.8,6.2,6.9,9.3,9.6,7.9,6.2,-5.1,11.5,9.1,4.9,7.7,3.1,5.2,4.3,5.3,5.8,3.0,0.8,6.8,3.7,2.4,3.2,3.2,2.8,2.9,3.2,2.9,2.2,-0.7,4.1,2.6
91,0.0,0.0,0.0,0.0,0.0,0.0,0.0,0.0,0.0,0.0,0.0,0.0,0.0,0.0,0.0,0.0,0.0,0.0,0.0,0.0,0.0,4.6,-0.4,2.6,0.6,4.5,3.6,8.3,1.8,5.0,4.9,6.3,1.7,5.3,3.3,5.9,5.6,4.8,3.4,4.8,-5.3,9.5,2.7
92,-20.4,-18.9,-9.5,5.3,5.2,-4.3,8.6,8.1,-10.0,25.9,-26.2,-41.0,82.8,35.1,8.6,1.7,0.6,2.5,3.7,-1.8,4.7,0.2,3.0,17.3,10.8,10.1,7.5,6.0,2.5,-7.1,-2.4,9.6,6.6,1.2,0.5,0.6,2.9,-4.7,2.4,-0.6,-8.9,1.3,8.7
93,0.0,0.0,0.0,0.0,0.0,0.0,0.0,0.0,0.0,0.0,0.0,0.0,0.0,-13.0,-19.8,-5.4,7.1,9.9,2.1,3.7,5.4,5.3,0.0,7.0,7.0,-0.2,3.1,8.5,7.6,2.9,-0.5,6.0,-0.1,10.9,4.0,3.9,4.3,4.7,3.5,4.6,-8.6,3.7,3.8
94,10.0,15.3,4.7,3.0,6.4,9.1,4.8,-1.0,-2.1,9.9,6.7,4.0,7.0,5.9,8.2,7.0,6.9,6.9,4.3,4.0,6.4,4.8,6.8,6.2,7.2,6.9,9.0,7.9,7.8,7.4,8.0,8.0,7.8,8.0,7.6,7.3,7.0,6.9,6.3,4.7,-0.4,2.1,2.2
95,0.0,0.0,0.0,0.0,0.0,0.0,0.0,0.0,0.0,0.0,0.0,0.0,0.0,-11.4,2.2,-2.1,2.6,8.8,6.3,2.8,5.7,6.3,7.1,8.4,8.3,10.7,12.0,9.9,-3.2,-14.2,-4.5,2.6,7.0,2.0,1.9,3.9,2.4,3.3,4.0,2.5,-3.8,4.5,2.5
96,1.5,0.5,-36.8,22.7,44.5,24.3,-6.8,16.7,-28.2,-42.2,-13.4,38.2,4.5,7.0,8.0,6.5,4.0,10.2,3.9,-0.8,1.1,3.9,3.4,1.7,7.5,0.7,1.5,9.3,9.1,10.2,8.0,0.9,2.6,3.8,2.5,0.5,1.6,0.9,-1.9,-6.9,-25.9,0.0,0.0
97,-0.8,3.1,5.6,3.0,4.3,3.3,4.1,2.1,7.7,5.5,5.2,4.8,6.2,3.8,4.5,2.8,4.9,3.5,1.4,1.6,4.9,3.3,1.6,4.1,2.4,3.1,4.4,5.0,3.8,0.4,5.1,5.1,5.1,1.8,2.1,3.3,1.9,-2.7,-0.3,0.0,-6.0,2.1,2.1
98,0.0,0.0,0.0,0.0,0.0,0.0,0.0,0.0,0.0,0.0,0.0,0.0,0.0,0.0,0.0,0.0,0.0,0.0,0.0,0.0,0.0,2.8,4.4,-29.0,4.0,5.9,8.5,13.1,6.1,5.2,6.4,7.7,8.4,8.8,0.7,0.0,-1.6,2.5,1.2,-2.5,-3.0,5.0,3.7
99,0.6,-20.0,1.5,-4.7,-8.3,0.6,-11.4,-14.7,7.6,7.2,3.7,18.3,-4.5,-5.5,3.2,-15.4,1.8,-2.6,-0.7,-0.2,4.0,2.6,-3.7,16.1,5.8,10.6,0.3,6.2,-0.2,-4.4,5.0,-50.3,86.8,-18.0,-23.0,-0.8,-1.5,32.5,7.9,-11.2,-29.5,28.3,-18.5
100,0.0,0.0,0.0,0.0,0.0,0.0,0.0,0.0,0.0,0.0,0.0,0.0,0.0,0.0,0.0,0.0,5.2,8.3,7.5,-1.1,3.7,6.5,6.8,10.6,6.6,7.7,7.4,11.1,2.6,-14.8,1.7,6.0,3.8,3.6,3.5,2.0,2.5,4.3,4.0,4.6,-0.1,5.0,1.8
101,3.2,0.8,1.0,1.9,4.7,5.6,10.0,4.0,8.5,9.8,5.3,8.6,1.8,4.2,3.8,1.4,1.5,5.9,6.5,8.4,8.4,3.1,3.2,2.6,4.2,2.5,6.0,8.1,-0.3,-3.2,3.8,1.0,1.6,3.2,2.6,2.3,5.0,1.3,2.0,3.3,-1.8,6.9,1.6
102,0.0,0.0,0.0,0.0,0.0,0.0,0.0,0.0,0.0,0.0,0.0,0.0,0.0,0.0,0.0,0.0,0.0,0.0,0.0,0.0,0.0,0.0,8.9,11.6,26.6,8.1,13.4,14.5,3.4,1.3,25.1,21.6,9.2,10.8,-2.0,-21.5,-0.7,10.0,6.5,-2.5,-54.0,18.0,-22.4
103,0.8,-9.8,-1.9,0.9,1.8,1.2,2.0,1.2,3.4,4.1,3.1,-6.3,1.2,2.1,0.0,1.7,2.2,3.7,3.9,4.7,4.5,6.0,-12.4,9.8,5.3,4.8,5.4,5.7,6.7,-4.0,0.6,1.6,3.0,2.3,3.3,3.1,4.0,3.9,3.2,4.4,-7.1,4.3,4.2
104,0.4,-5.2,2.5,3.7,5.4,4.6,-0.2,1.6,3.2,1.3,5.7,8.7,-7.3,9.7,-10.3,13.8,10.0,6.6,1.1,3.5,0.8,-4.1,1.8,5.7,5.4,3.3,4.7,9.6,7.6,8.3,6.9,4.9,1.9,5.2,5.7,3.0,2.3,4.0,4.4,5.4,0.9,2.2,0.9
105,7.4,6.9,5.9,6.3,7.8,-0.9,1.2,5.4,9.9,9.1,9.0,9.5,8.9,9.9,9.2,9.8,10.0,7.3,-7.4,6.1,8.7,0.5,5.4,5.8,6.8,5.0,5.6,6.3,4.8,-1.5,7.5,5.3,5.5,4.7,6.0,5.0,4.4,5.8,4.8,4.4,-5.5,3.1,5.4
106,18.8,7.9,7.5,4.4,17.4,13.8,8.6,8.9,8.7,9.3,-4.0,6.9,6.5,5.4,7.5,7.4,9.1,10.4,9.8,7.2,4.8,3.5,6.1,25.4,6.0,-13.1,26.1,7.7,9.5,-7.2,7.3,8.6,2.5,7.3,7.3,2.9,6.3,7.2,8.1,6.9,-33.5,37.0,8.7
107,3.3,-4.5,-11.6,3.2,2.4,3.2,6.1,2.5,0.1,10.7,9.3,7.7,-1.6,3.6,3.8,3.0,7.3,4.8,2.9,6.2,-0.1,15.4,3.1,9.1,1.6,6.5,4.7,3.5,4.8,4.7,5.4,3.2,-0.8,2.3,7.1,6.2,5.9,5.3,4.7,4.8,-1.2,3.1,2.5
108,7.0,2.7,0.1,2.6,0.8,2.4,3.8,5.7,6.8,7.1,4.7,5.9,8.1,3.9,4.6,6.9,4.0,4.8,3.4,3.8,-1.0,-1.2,2.6,4.1,0.1,3.4,2.5,4.8,3.8,-1.1,5.5,0.5,4.1,5.5,7.6,9.6,3.4,10.9,6.2,5.9,-8.3,10.3,6.2
109,0.0,0.0,0.0,0.0,0.0,0.0,0.0,0.0,0.0,0.0,0.0,0.0,0.0,0.0,0.0,0.0,0.0,0.0,-0.7,-1.1,1.5,6.7,3.7,-1.6,-0.3,2.3,-0.2,3.4,-6.4,2.6,6.8,-0.6,-2.2,3.9,-1.0,1.6,1.4,3.3,3.1,6.8,-1.6,1.7,1.5
110,0.0,0.0,0.0,0.0,0.0,0.0,0.0,0.0,0.0,0.0,0.0,0.0,1.8,5.9,-3.1,9.8,5.8,-4.0,2.8,3.7,-3.9,-0.8,1.4,6.9,4.7,8.6,18.3,-2.0,-0.3,0.1,2.6,4.2,4.5,4.2,4.3,5.4,1.3,6.3,4.8,5.4,-0.9,2.4,4.0
111,-10.1,5.9,5.5,0.4,4.8,6.9,9.7,10.2,6.8,4.5,7.2,4.4,6.5,5.1,4.1,4.3,5.6,5.7,6.1,2.6,8.2,3.2,1.6,6.0,4.3,1.5,4.5,5.7,5.4,3.3,4.4,4.1,3.5,3.4,3.7,3.6,3.8,3.8,3.8,3.0,-14.9,4.0,6.1
112,9.5,8.5,-0.5,-3.5,3.4,2.2,-3.1,1.7,1.3,4.1,5.2,4.2,3.5,2.7,4.9,-6.3,6.8,6.8,5.2,2.8,4.9,-0.4,0.0,1.4,3.9,2.3,4.5,2.3,1.1,-5.3,5.1,3.7,3.6,1.4,2.8,3.3,2.6,2.1,2.2,-0.2,-8.1,4.8,2.1
113,0.0,0.0,0.0,0.0,0.0,0.0,0.0,0.0,0.0,0.0,0.0,0.0,0.0,0.0,0.0,0.0,-3.1,-6.1,2.7,1.5,4.9,2.1,0.6,1.6,-3.1,2.1,-0.1,-1.9,-2.2,1.0,2.3,3.2,-1.9,-3.7,-2.3,4.6,0.9,2.7,0.2,1.2,-1.8,-3.2,-0.6
114,0.0,0.0,0.0,0.0,0.0,0.0,0.0,0.0,0.0,0.0,0.0,-17.5,-29.7,-1.2,-30.9,-1.4,-5.9,1.6,-6.5,-3.4,2.1,6.1,7.8,6.6,7.4,7.5,4.8,3.0,7.8,-6.0,7.1,5.8,-0.6,9.0,5.0,-0.3,4.4,4.2,4.1,3.6,-8.3,13.9,0.0
115,6.4,8.4,8.3,5.8,5.9,5.7,9.4,3.5,5.1,4.2,-2.5,-9.2,-9.3,-3.2,2.1,6.4,2.2,3.9,3.3,3.1,1.1,4.6,5.3,7.4,9.4,6.5,8.2,8.8,7.8,-2.1,7.3,17.3,12.3,11.6,7.9,2.4,1.5,5.6,7.7,5.6,-4.6,1.6,2.5
116,0.0,0.0,0.0,0.0,0.0,0.0,0.0,0.0,0.0,0.0,0.0,0.0,0.0,0.0,0.0,0.0,0.0,0.0,0.0,0.0,0.0,1.1,1.9,2.5,4.4,4.2,8.6,6.8,7.2,-5.8,2.7,3.2,-2.7,3.5,1.8,3.4,2.9,4.7,5.1,4.1,-15.3,13.0,7.2
117,3.8,-2.8,9.6,-0.6,4.3,6.3,8.3,-2.5,10.4,2.4,4.0,7.2,-2.1,-0.7,10.6,-5.4,12.4,-1.6,7.2,1.1,1.9,7.3,3.1,6.0,4.8,3.3,7.6,3.5,5.9,4.2,3.8,5.2,3.0,4.5,2.7,4.3,0.5,5.1,3.1,2.9,-7.2,7.9,0.8
118,4.2,5.0,-6.9,-15.7,-6.5,1.0,-2.3,14.7,8.2,6.5,1.0,6.6,-6.1,10.6,6.5,2.3,11.2,11.3,9.9,11.7,1.2,12.1,9.3,6.9,7.9,6.6,9.7,7.7,7.3,6.3,6.5,7.4,7.3,7.0,7.4,6.7,3.8,3.7,3.4,2.3,-1.2,2.3,3.7
119,0.0,0.0,0.0,0.0,0.0,0.0,0.0,0.0,0.0,0.0,0.0,0.0,0.0,0.0,0.0,0.0,0.0,0.0,0.0,8.4,12.4,12.5,9.9,13.2,15.3,13.6,13.3,12.5,7.6,4.4,5.2,5.5,6.5,7.9,8.2,7.5,6.4,5.8,6.4,6.8,3.2,-17.9,2.0
120,0.0,0.0,0.0,0.0,0.0,0.0,0.0,0.0,0.0,0.0,0.0,5.3,9.3,-1.6,3.0,4.1,3.2,4.2,3.3,3.4,3.5,2.4,6.7,3.5,6.6,4.7,3.9,3.6,2.6,0.3,6.0,5.1,5.1,5.6,6.1,4.3,0.0,-1.0,1.1,-0.8,-8.0,2.7,3.0
121,0.0,0.0,0.0,0.0,0.0,0.0,0.0,0.0,0.0,0.0,0.0,0.0,0.0,0.0,0.0,0.0,0.0,0.0,0.0,0.0,0.0,0.0,0.0,0.0,0.0,-0.4,8.3,-22.2,20.4,9.1,11.1,10.8,10.4,31.0,27.2,3.4,3.0,-5.5,5.7,1.0,0.7,1.6,0.9
122,-2.3,8.3,3.8,-3.0,9.7,6.1,4.6,1.7,7.7,4.3,4.6,6.4,4.1,3.8,8.2,3.5,5.3,5.3,2.9,4.5,6.1,5.6,0.1,3.9,4.7,3.5,3.4,3.4,6.1,4.5,4.8,3.4,4.7,3.5,6.0,4.0,0.4,9.0,7.6,6.7,-2.4,4.2,4.2
123,0.0,-0.5,-1.3,1.8,3.1,2.7,3.1,1.9,4.6,4.5,4.2,2.5,1.6,1.3,3.0,2.8,3.5,4.3,4.7,5.0,4.2,2.3,0.2,0.2,2.0,2.0,3.5,3.8,2.2,-3.7,1.3,1.5,-1.0,-0.1,1.4,2.0,2.2,2.9,2.4,2.0,-3.9,4.9,4.5
124,1.0,3.0,2.9,-0.1,6.9,1.2,1.8,2.4,0.6,0.4,0.0,-1.3,0.7,5.2,5.6,4.9,4.1,2.4,0.3,4.5,4.3,2.6,4.7,4.2,4.8,3.2,2.9,3.5,-0.2,-1.2,1.8,1.8,2.5,2.3,3.8,3.7,4.0,3.5,3.4,2.9,-2.1,5.6,2.3
125,4.6,5.4,-0.8,4.6,-1.6,-4.1,-1.0,-0.7,-12.4,-1.7,-0.1,-0.2,0.4,-0.4,5.0,5.9,6.3,4.0,3.7,7.0,4.1,3.0,0.8,2.5,5.3,4.3,3.8,5.1,3.4,-3.3,4.4,6.3,6.5,4.9,4.8,4.8,4.6,4.6,-3.4,-3.8,-1.8,10.3,4.0
126,4.9,-0.2,2.2,-3.9,-16.8,7.7,6.4,0.1,6.9,1.0,-1.3,-0.4,2.0,0.3,1.9,2.5,0.1,1.5,10.0,-0.2,-1.2,7.3,4.9,2.2,0.4,7.3,5.9,3.1,7.7,2.0,8.6,2.4,10.5,5.3,6.6,4.4,5.7,5.0,7.2,5.9,3.6,1.3,6.7
127,0.0,0.0,0.0,0.0,0.0,0.0,0.0,0.0,0.0,0.0,0.0,-0.6,2.2,1.6,0.3,1.9,4.1,2.9,2.5,0.5,5.5,6.7,14.6,9.5,10.4,7.0,6.7,7.3,7.2,8.4,11.3,4.9,4.3,5.4,6.3,2.7,-1.6,0.8,1.9,2.2,-1.8,3.6,3.2
128,0.0,0.0,0.0,0.0,0.0,0.0,0.0,0.0,0.0,0.0,0.0,0.0,0.0,-7.5,-1.8,-1.1,1.2,1.4,3.4,4.3,4.5,-3.1,1.5,2.2,4.7,4.7,5.1,6.5,5.5,-0.4,3.4,2.3,-0.5,2.9,3.6,3.9,2.8,1.1,2.9,3.9,-6.1,4.0,2.7
129,4.5,1.6,0.2,4.0,6.1,5.6,4.0,1.8,-0.3,1.0,1.9,3.1,3.6,2.8,5.1,4.2,5.0,5.3,2.6,2.0,3.2,2.1,1.4,0.9,4.0,2.6,2.4,3.0,0.5,-1.7,0.7,1.0,2.7,1.0,2.0,2.0,1.1,2.3,1.1,0.7,-0.7,3.9,3.6
130,6.1,17.1,11.5,15.9,13.9,14.5,2.1,-4.0,5.2,3.0,8.4,6.0,8.5,6.1,3.8,4.8,2.9,6.2,2.7,0.3,6.2,4.6,-0.8,-2.2,2.0,2.8,4.7,5.0,9.0,6.0,2.5,2.9,8.9,5.2,1.3,5.0,5.0,0.3,1.3,-1.1,-3.2,3.0,4.4
131,6.9,6.2,7.6,6.8,4.0,8.7,6.4,5.8,6.4,4.8,4.6,5.1,7.6,2.1,4.4,5.1,6.6,1.7,3.5,4.2,3.9,2.0,3.1,4.7,7.5,9.0,5.8,5.5,5.0,0.4,2.6,3.6,3.8,3.7,4.1,4.1,4.6,4.6,6.1,3.1,-0.9,5.7,6.0
132,0.0,0.0,0.0,0.0,0.0,0.0,0.0,0.0,0.0,0.0,0.0,0.0,0.0,0.0,0.0,0.0,0.0,0.0,0.0,0.0,0.0,10.3,4.1,-2.6,3.8,3.2,-0.1,1.3,-5.6,-6.5,-1.3,4.8,1.5,-1.1,4.7,8.4,0.4,-3.4,0.1,0.4,-8.9,-13.4,-2.8
133,4.5,9.2,5.3,-4.5,2.7,4.9,3.6,-1.8,-13.4,1.6,8.1,9.4,8.2,5.5,2.8,1.8,7.4,6.5,7.3,3.9,2.7,0.6,2.2,4.2,7.5,7.2,8.5,12.1,9.9,1.2,5.8,11.3,9.8,6.9,5.1,5.7,5.0,5.6,3.7,3.0,-17.9,15.3,7.5
134,-2.3,1.1,0.8,3.4,-1.0,3.6,5.7,2.8,2.9,-1.4,-3.1,9.6,13.8,13.3,10.5,-3.4,6.6,-6.3,4.7,1.9,-2.5,-0.1,-0.2,9.0,0.6,4.3,2.5,7.8,-0.3,6.8,10.1,1.1,4.7,3.8,13.5,6.6,5.5,3.5,-0.3,4.5,-3.5,1.2,3.8
135,11.7,9.2,-1.4,-3.0,2.8,3.9,0.3,4.1,5.9,5.8,4.1,3.5,1.7,4.9,5.3,6.8,1.6,4.2,0.1,-1.4,-2.3,-0.8,0.0,4.3,4.1,2.1,4.8,5.4,6.5,-0.3,11.1,4.3,-0.7,8.3,5.3,3.0,4.3,4.8,3.2,-0.4,-0.8,4.2,0.2
136,7.7,5.5,-0.3,-9.3,3.8,2.1,12.1,7.7,-9.4,-13.4,-5.1,2.2,-0.5,5.2,12.3,7.4,2.8,6.5,-0.4,1.5,2.7,0.6,5.5,4.2,5.0,6.3,7.5,8.5,9.1,1.1,8.3,6.3,6.1,5.9,2.4,3.3,4.0,2.5,4.0,2.2,-11.0,13.6,2.7
137,5.1,3.4,3.6,1.9,-7.3,-7.3,3.4,4.3,6.8,6.2,3.0,-0.4,0.4,2.2,4.4,4.6,5.9,5.2,-0.5,3.3,4.4,3.0,3.7,5.1,6.6,4.9,5.3,6.5,4.3,1.4,7.3,3.9,6.9,6.8,6.3,6.3,7.1,6.9,6.3,6.1,-9.5,5.7,6.5
138,-6.0,-10.0,-4.8,5.6,-0.4,3.9,3.5,2.3,3.3,3.8,-7.2,-7.0,2.0,4.3,5.2,6.7,6.2,7.1,5.0,4.5,4.3,1.2,1.4,3.5,5.0,3.5,6.1,7.1,4.2,2.8,3.7,4.8,1.3,1.1,3.4,4.2,3.1,4.8,5.4,4.7,-2.2,5.9,3.8
139,6.7,3.5,2.2,1.0,-1.0,1.6,3.3,7.6,5.3,6.6,7.9,3.4,3.1,-0.7,1.5,2.3,3.5,4.4,4.8,3.9,3.8,1.9,0.8,-0.9,1.8,0.8,1.6,2.5,0.3,-3.1,1.7,-1.7,-4.1,-0.9,0.8,1.8,2.0,3.5,2.8,2.7,-8.4,4.9,6.2
140,0.0,1.1,-3.0,0.5,7.3,2.1,8.2,4.9,6.5,4.9,3.8,2.3,4.6,4.6,4.2,4.5,2.3,4.9,6.5,4.4,3.3,9.5,2.2,2.3,2.0,-2.0,-1.4,-1.2,-1.8,-2.0,-0.4,-0.4,0.0,-0.3,-1.2,-1.0,-1.3,-2.9,-4.2,1.5,-3.9,2.7,4.8
141,-1.0,-3.9,-8.2,-5.3,16.0,-13.0,3.7,0.9,4.7,5.3,-14.6,-1.5,10.4,-0.9,1.9,0.4,4.2,27.7,10.3,3.8,6.9,4.5,6.9,4.0,19.2,7.8,28.1,18.2,17.5,13.1,17.7,11.3,4.7,5.6,5.3,4.8,3.1,-1.5,1.2,0.7,-3.6,1.6,3.4
142,3.3,0.1,3.9,6.0,6.0,-0.1,2.4,0.8,-0.5,-5.8,-5.6,-12.9,-8.8,1.5,3.9,7.1,3.9,-6.1,-4.8,-1.2,2.9,5.2,5.7,2.3,10.4,4.7,8.0,7.2,9.3,-5.5,-3.9,1.9,2.0,3.8,3.6,3.0,4.7,7.3,4.5,4.2,-3.7,5.9,4.8
143,0.0,0.0,0.0,0.0,0.0,0.0,0.0,0.0,0.0,0.0,0.0,-5.0,-14.5,-8.7,-12.7,-4.1,-3.6,1.4,-5.3,6.4,10.0,5.1,4.7,7.3,7.2,6.4,8.2,8.5,5.2,-7.8,4.5,5.1,4.0,1.8,0.7,-2.0,0.2,1.8,2.8,2.2,-2.7,4.7,-3.4
144,-3.6,2.5,-2.5,6.0,13.0,4.4,5.5,-0.3,0.3,-5.7,0.4,-4.3,6.6,-10.4,-41.9,24.5,11.6,14.9,8.3,3.3,8.4,8.5,13.2,2.2,7.4,9.4,9.2,7.7,11.2,6.2,7.3,8.0,8.6,4.7,6.2,8.9,6.0,4.0,8.6,9.5,-3.4,10.9,6.0
145,1.3,2.7,6.1,-2.1,9.7,6.4,8.8,8.3,10.4,6.0,5.5,2.3,3.1,5.4,5.4,3.5,5.9,7.3,1.0,3.9,9.7,5.3,1.4,-3.9,4.0,9.7,3.2,0.6,11.2,-3.4,0.0,1.6,-0.5,5.7,7.6,0.7,3.9,0.9,2.7,4.8,-14.0,-3.6,9.8
146,-0.5,5.1,2.1,4.1,8.0,12.6,14.4,3.9,13.9,9.0,9.9,0.4,8.0,0.6,1.6,1.7,2.9,-0.7,6.3,2.7,0.0,-3.4,0.4,4.3,7.3,-0.4,6.2,1.9,4.9,-1.9,0.5,4.8,-0.4,-2.2,1.3,-0.2,3.8,3.4,2.9,-0.7,-24.4,12.2,9.1
147,2.9,3.9,2.6,3.2,5.3,4.3,5.4,0.6,13.2,3.3,4.8,2.2,7.1,3.6,-1.2,6.8,1.1,3.7,4.5,2.1,1.8,1.6,4.9,6.1,3.7,2.3,6.5,3.1,0.4,-1.2,-4.3,-0.6,1.1,2.5,1.1,2.8,4.1,1.7,3.1,0.4,-5.3,0.5,5.0
148,-6.1,-9.1,-1.0,0.5,2.0,5.8,4.8,0.5,2.9,5.8,-6.4,-2.4,4.1,1.7,6.4,6.6,7.3,0.8,1.1,-0.6,5.1,7.4,5.7,5.2,3.1,6.6,2.1,0.5,3.6,-0.5,2.5,3.8,-3.7,0.1,0.7,3.9,8.0,1.4,-0.6,4.5,-3.1,-7.1,-5.0
149,0.0,0.0,0.0,0.0,0.0,0.0,0.0,0.0,0.0,0.0,0.0,0.0,0.0,0.0,0.0,0.0,0.0,0.0,7.5,9.0,2.2,5.5,0.3,3.9,4.6,2.4,3.8,7.1,-0.4,-10.1,-5.8,-8.5,-7.2,-0.8,-0.6,2.7,2.3,0.3,1.5,2.1,-6.7,5.4,3.1
150,5.7,1.9,-20.7,-16.1,-4.7,-9.8,17.0,-6.6,13.1,-0.5,15.2,15.0,4.0,-1.4,0.6,0.2,2.6,1.1,2.9,-3.8,5.6,-1.2,-2.8,11.2,8.0,5.6,2.8,1.8,6.2,-2.1,5.0,10.0,5.4,2.7,3.7,4.1,1.7,-0.7,2.5,0.3,-4.1,3.2,7.6
151,-0.8,5.1,7.8,-5.3,3.7,3.3,3.1,6.1,-0.6,4.0,-0.7,2.6,1.2,1.3,-0.2,6.1,1.9,2.7,6.0,6.0,3.9,4.3,0.1,5.6,4.6,4.3,2.3,2.8,3.7,2.8,3.4,1.3,4.0,2.4,6.2,6.4,6.4,7.4,6.2,4.6,1.3,6.1,4.7
152,0.0,0.0,0.0,0.0,0.0,0.0,0.0,0.0,0.0,0.0,0.0,0.0,0.0,0.0,0.0,0.0,0.0,0.0,2.4,-12.1,7.8,5.0,7.1,4.4,9.0,10.2,5.1,6.4,5.7,-2.7,0.7,2.0,-0.7,2.9,-1.6,1.8,3.3,2.1,4.5,4.3,-0.9,7.4,3.5
153,-2.3,-3.9,-2.1,-0.6,4.3,10.3,0.8,4.9,5.3,10.3,7.5,2.8,7.2,7.3,-2.4,0.5,10.0,12.2,2.5,1.9,4.3,-2.3,1.2,-5.9,-2.9,9.0,9.4,10.4,-2.1,-1.1,6.3,5.7,3.8,6.4,4.7,5.6,5.4,4.5,3.2,3.1,-7.7,7.9,10.9
154,-0.6,1.9,1.8,-1.6,1.7,-6.7,0.1,2.4,2.1,5.0,1.6,-8.0,-9.6,0.1,3.5,-10.0,-24.8,-17.6,-0.8,-8.1,3.8,18.2,26.4,9.3,6.6,4.5,4.2,8.1,5.4,3.2,5.3,6.3,15.2,20.7,4.6,-20.5,6.4,3.8,3.5,5.3,-2.0,4.1,2.4
155,10.1,10.8,7.1,8.6,8.8,-0.6,1.3,10.8,11.3,10.2,9.8,6.7,6.6,11.5,11.1,7.2,7.5,8.3,-2.2,5.7,9.0,-1.1,3.9,4.5,9.9,7.4,9.0,9.0,1.9,0.1,14.5,6.2,4.4,4.8,3.9,3.0,3.6,4.7,3.7,1.1,-4.1,7.6,3.0
156,0.0,0.0,0.0,0.0,0.0,0.0,0.0,0.0,0.0,0.0,0.0,0.0,0.0,0.0,6.2,7.9,6.9,4.4,4.1,-0.1,1.2,3.3,4.5,5.5,5.3,6.6,8.5,10.8,5.6,-5.5,6.3,2.6,1.4,0.7,2.7,5.2,1.9,3.0,3.8,2.6,-4.4,3.0,1.8
157,0.0,0.0,0.0,0.0,0.0,0.0,0.0,0.0,0.0,0.0,0.0,0.0,0.0,2.8,5.3,4.1,3.6,5.0,3.3,5.3,3.7,3.2,3.5,3.0,4.4,3.8,5.7,7.0,3.5,-7.5,1.3,0.9,-2.6,-1.0,2.8,2.2,3.2,4.8,4.5,3.5,-4.3,8.2,5.7
158,-2.7,-1.8,-1.7,3.9,0.2,-3.1,-0.2,8.4,1.3,4.3,2.2,6.0,12.7,4.0,8.1,10.1,1.6,-0.9,1.3,-0.5,-14.3,-8.0,-2.8,6.5,6.7,5.5,4.9,4.4,5.8,2.6,8.6,7.3,1.4,5.2,1.2,1.7,5.6,3.1,2.7,1.7,-3.4,-0.2,-4.5
159,0.0,0.0,0.0,0.0,0.0,0.0,0.0,0.0,0.0,0.0,0.0,0.0,0.0,0.0,0.0,0.0,0.0,0.0,0.0,0.0,0.0,0.0,0.0,0.0,0.0,0.0,0.0,0.0,0.0,0.0,0.0,0.0,1.2,5.7,2.7,4.6,4.7,2.2,3.7,2.7,-0.3,2.9,1.9
160,6.6,5.4,-0.4,-1.8,5.1,-1.2,0.0,2.1,4.2,2.4,-0.3,-1.0,-2.1,1.2,3.2,3.1,4.3,2.6,0.5,2.4,4.2,2.7,3.7,2.9,4.6,5.3,5.6,5.4,3.2,-1.5,3.0,3.2,2.4,2.5,1.4,1.3,0.7,1.2,1.5,0.3,-6.3,4.9,2.1
161,0.0,0.0,0.0,0.0,0.0,0.0,0.0,0.0,0.0,0.0,0.0,0.0,0.0,0.0,0.0,0.0,0.0,0.0,0.0,0.0,0.0,0.0,0.0,0.0,0.0,0.0,0.0,0.0,0.0,0.0,0.0,0.0,-50.8,27.7,1.8,-0.2,-13.3,-5.8,-2.1,0.9,-6.5,5.3,6.5
162,1.2,-0.4,1.2,1.7,1.7,2.4,3.4,5.7,5.3,5.0,3.8,2.5,0.9,-1.3,2.3,4.1,2.4,3.9,4.5,4.7,5.1,3.9,2.7,3.0,3.1,3.7,4.1,3.6,0.9,-3.8,0.2,-0.8,-3.0,-1.4,1.4,3.8,3.0,3.0,2.3,2.1,-10.8,5.1,4.3
163,5.8,5.3,5.2,3.3,6.7,5.0,4.3,1.5,2.7,2.3,6.2,-0.4,-3.1,7.5,8.0,6.1,12.2,10.3,-1.6,2.9,8.4,-1.9,3.7,5.9,5.4,6.2,7.7,6.8,6.0,3.5,8.0,8.7,8.6,4.1,6.4,4.2,5.1,6.5,2.3,-0.2,-3.5,3.3,-8.7
164,2.5,6.3,4.1,-1.5,-5.6,-0.6,9.9,6.5,4.3,1.4,0.8,7.0,5.5,2.8,3.5,8.9,5.5,6.1,8.2,4.2,8.4,10.9,5.9,6.3,5.1,5.6,6.5,5.7,3.8,-2.8,3.9,-3.2,-17.0,2.0,4.7,4.9,4.7,0.8,-2.3,-2.5,-3.6,0.5,-0.3
165,-6.5,1.9,-6.3,-5.1,-3.0,-0.9,-2.4,-8.8,10.8,2.3,-1.5,-13.8,3.9,-2.2,-7.0,11.3,11.2,7.0,2.2,-0.9,-0.1,4.9,3.7,6.2,7.3,4.9,5.8,5.1,4.1,3.0,5.2,5.8,2.7,2.9,0.3,-3.4,-4.9,1.6,4.9,1.1,-15.9,-3.5,1.3
166,4.6,4.5,1.4,2.1,4.3,2.3,3.0,3.3,2.5,2.7,0.8,-1.1,-0.9,-1.8,3.9,3.9,1.6,3.1,4.3,4.2,4.8,1.4,2.2,2.3,4.3,2.9,4.7,3.4,-0.5,-4.3,6.0,3.2,-0.6,1.2,2.7,4.5,2.1,2.6,2.0,2.0,-2.2,5.1,2.6
167,5.1,1.6,-1.3,0.6,3.1,3.7,1.8,1.5,3.3,4.4,3.7,-0.9,-0.1,-0.1,1.3,0.6,0.5,2.2,2.9,1.6,4.1,1.6,-0.1,-0.1,2.6,2.8,4.2,3.9,2.7,-2.3,3.2,1.9,1.2,1.8,2.3,1.6,2.1,1.4,2.9,1.2,-2.5,4.2,2.2
168,10.5,8.5,2.6,1.6,-6.5,7.3,-4.8,1.3,12.7,-6.1,10.4,10.7,13.2,7.4,5.5,5.4,3.0,-1.1,5.6,-3.1,2.3,3.7,5.9,-2.0,6.9,6.2,5.0,5.7,4.5,5.9,3.4,0.0,0.0,0.0,0.0,0.0,0.0,0.0,0.0,0.0,0.0,0.0,0.0
169,-1.1,-10.3,3.1,-3.9,-6.0,9.3,-5.8,-2.9,2.0,3.1,-2.2,1.2,0.7,1.1,2.2,2.0,1.5,1.0,2.5,2.5,0.4,2.4,2.4,6.6,3.8,7.1,9.1,3.3,8.2,2.4,6.7,4.4,3.1,4.8,6.5,3.8,4.2,3.9,3.0,2.2,3.0,1.9,1.4
170,8.0,7.1,4.8,9.0,10.0,4.8,11.5,12.8,8.0,8.7,5.5,8.4,8.3,6.8,7.5,6.5,6.2,6.1,4.2,6.7,6.3,-1.4,5.5,4.2,7.0,5.4,5.8,6.9,0.8,-1.6,10.2,3.7,2.2,2.5,4.7,1.5,2.2,3.3,2.8,3.1,3.4,6.6,3.3
171,0.0,0.0,0.0,0.0,0.0,0.0,0.0,0.0,0.0,0.0,0.0,0.0,0.0,-11.1,-21.4,-12.5,-4.4,1.7,5.3,3.7,8.3,10.2,9.1,10.2,10.6,6.7,7.0,7.8,7.9,3.9,6.5,7.4,7.5,7.4,6.7,6.0,6.9,7.1,7.6,7.4,4.4,9.2,5.5
172,3.3,0.5,0.6,2.4,3.4,4.6,6.6,5.9,4.4,3.8,7.0,2.1,0.6,1.2,1.6,3.6,4.5,3.5,3.7,4.8,4.9,6.0,7.2,6.9,7.8,7.4,4.7,8.5,5.6,5.4,6.4,7.9,5.1,6.8,6.7,6.2,6.9,6.8,7.0,7.0,4.8,4.9,4.5
173,4.6,5.9,5.4,5.6,5.8,4.6,5.5,9.5,13.3,12.2,11.6,8.4,9.2,8.7,8.0,8.1,5.7,-2.8,-7.6,4.6,4.5,3.4,6.1,7.2,6.3,4.2,5.0,5.4,1.7,-0.7,7.5,0.8,7.2,2.7,1.0,3.1,3.4,4.2,4.2,2.2,-6.2,1.5,2.8
174,0.0,0.0,0.0,0.0,0.0,0.0,0.0,0.0,0.0,0.0,0.0,0.0,0.0,0.0,0.0,0.0,0.0,0.0,0.0,0.0,0.0,16.3,-6.7,-2.2,0.4,3.0,-4.1,10.3,11.4,10.1,9.3,6.0,4.9,3.1,4.5,2.8,3.4,-3.1,-0.7,2.1,-8.6,1.5,3.3
175,-2.3,-3.4,-3.7,-5.2,5.9,3.7,3.3,-2.5,10.1,4.1,5.9,-0.6,-3.2,-16.3,13.9,19.7,-3.9,3.8,-2.3,2.5,-1.0,0.8,3.8,6.7,-1.0,-4.7,2.7,-1.2,4.1,5.5,6.1,6.4,6.5,6.1,5.9,5.7,5.6,4.3,5.0,5.5,1.8,5.3,5.4
176,15.8,14.0,12.8,5.8,44.1,5.6,8.8,1.7,-3.5,1.1,4.7,5.9,-3.8,-0.1,2.0,7.9,0.1,-0.6,2.3,2.3,3.8,1.5,4.5,0.1,-1.9,-0.4,-2.2,-2.5,4.8,-5.2,0.8,6.8,0.8,0.3,2.0,1.2,6.6,3.3,0.2,0.7,0.5,-2.7,-2.0
177,10.4,4.6,3.8,-10.3,-5.8,-4.1,-3.3,-4.6,-3.9,-0.8,1.5,3.1,10.1,-0.7,3.6,3.8,7.1,7.5,8.1,8.0,6.9,3.7,7.2,13.9,7.3,5.9,14.2,4.3,3.3,-4.8,3.5,-0.2,-0.6,2.3,-0.9,1.8,-6.3,-2.7,-0.7,-0.2,-7.4,-0.7,4.0
178,7.4,5.5,-0.5,4.7,5.7,5.7,-1.5,6.7,0.1,2.6,7.1,4.1,8.0,2.5,3.6,2.7,6.9,5.7,5.0,6.0,4.3,3.8,1.3,4.7,6.2,3.5,5.2,6.7,4.2,3.0,3.5,-2.0,4.2,2.4,3.1,1.0,1.1,2.2,2.5,1.4,-8.7,3.3,2.2
179,0.0,0.0,0.0,0.0,0.0,0.0,0.0,0.0,0.0,0.0,0.0,0.0,0.0,-10.0,-17.3,-7.2,-6.7,-11.3,6.7,16.5,18.6,20.4,15.8,17.1,14.7,13.0,11.0,11.1,14.7,6.1,16.2,12.9,6.1,-0.3,3.8,3.0,-1.0,4.7,0.9,-3.4,-3.0,4.6,1.2
180,0.0,0.0,0.0,0.0,0.0,0.0,0.0,0.0,0.0,0.0,0.0,0.0,0.0,0.0,0.0,0.0,0.0,0.0,0.0,0.0,0.0,0.7,8.3,-4.4,-1.9,-3.7,1.3,6.9,6.6,-5.6,-2.5,7.5,-2.9,3.8,1.7,9.4,4.7,3.4,1.6,13.9,1.0,2.5,3.0
181,-0.8,4.4,3.4,4.8,6.8,4.3,6.9,10.0,2.1,0.3,9.3,0.9,6.0,8.0,-5.5,7.2,7.0,7.5,3.1,-3.3,6.9,-5.8,6.4,5.8,9.8,9.0,6.9,5.0,0.8,-4.8,8.4,11.2,4.8,8.5,4.9,6.1,3.3,7.5,3.0,0.8,1.9,11.4,5.0
182,-3.4,3.9,8.2,4.9,-3.0,-3.0,0.9,4.0,8.3,6.4,6.5,1.8,5.9,6.7,7.7,9.2,6.6,4.6,6.1,8.0,3.9,8.8,7.1,6.2,5.8,10.0,7.0,8.1,10.4,8.1,7.5,7.7,2.3,3.9,5.7,8.0,0.2,6.8,5.5,7.8,-1.4,6.7,4.4
183,0.0,0.0,0.0,0.0,0.0,0.0,0.0,0.0,0.0,0.0,0.0,0.0,-9.9,-14.2,-22.9,-12.2,-10.0,-3.0,-1.9,-0.2,5.9,8.8,5.3,9.5,11.8,3.1,7.6,8.2,2.2,-15.1,4.1,5.5,0.2,0.0,-6.6,-9.8,2.4,2.4,3.5,3.2,-3.8,3.4,-35.0
184,-1.8,8.0,-7.2,-5.2,4.5,-2.5,-19.3,5.3,-2.6,15.7,23.6,2.1,3.1,0.0,7.4,6.6,5.3,8.6,0.8,3.8,12.3,1.3,2.5,8.8,9.6,4.9,9.8,3.2,3.2,-5.2,1.6,6.9,4.5,5.1,4.4,5.1,3.0,2.4,1.2,3.4,-4.8,3.8,5.1
185,-2.1,-0.7,2.0,4.2,2.2,4.1,3.2,5.4,5.6,2.4,0.6,-1.2,0.3,2.4,3.8,2.4,2.4,4.9,3.2,3.0,3.7,2.1,2.1,3.0,2.4,2.6,2.6,2.3,-0.2,-4.2,2.1,1.5,1.5,1.9,3.0,2.6,2.3,2.1,1.7,1.7,-9.3,7.4,3.6
186,-0.3,2.5,-1.8,4.6,7.2,4.2,3.5,3.5,4.2,3.7,1.9,-0.1,3.5,2.8,4.0,2.7,3.8,4.4,4.5,4.8,4.1,1.0,1.7,2.8,3.9,3.5,2.8,2.0,0.1,-2.6,2.7,1.5,2.3,1.8,2.3,2.7,1.7,2.3,2.9,2.3,-3.4,5.7,1.6
187,6.0,1.9,-9.4,-5.9,-1.5,0.3,7.5,5.9,0.5,1.1,0.3,3.5,7.9,2.7,7.3,-1.4,5.6,5.0,4.5,-1.9,-1.9,-3.8,-7.7,0.8,5.0,7.5,4.1,6.5,7.2,4.2,7.8,5.2,3.5,4.6,3.2,0.4,1.7,1.6,0.5,0.4,-6.1,4.4,5.3
188,0.0,0.0,0.0,0.0,0.0,0.0,0.0,0.0,0.0,0.0,0.0,0.0,-11.1,-2.3,-5.2,-0.9,1.7,5.2,4.3,4.3,3.8,4.2,4.0,4.2,7.4,7.0,7.5,9.5,9.0,8.1,7.1,7.5,7.1,7.3,6.9,7.2,5.9,4.4,5.4,5.7,1.9,7.4,5.2
189,5.5,4.4,2.0,3.0,9.6,1.0,-0.1,-2.9,-1.7,1.5,11.7,3.1,2.6,0.7,9.1,1.0,2.3,4.9,1.2,0.3,5.9,-3.4,-5.2,4.3,4.0,5.3,8.5,2.9,5.6,3.0,1.3,3.1,1.0,0.5,3.1,0.4,4.7,6.3,2.9,3.2,-5.4,0.4,1.7
190,-4.9,-1.3,2.6,-9.9,5.2,0.9,6.1,4.8,6.5,-13.9,6.5,9.7,6.1,0.3,-2.3,4.0,-0.2,6.4,0.3,-6.0,3.7,3.4,-8.9,-7.8,18.3,10.3,9.9,8.8,5.3,-3.2,-1.5,4.2,5.6,1.3,-3.9,-6.2,-17.0,-15.7,-19.7,-27.7,-30.0,0.5,6.0
191,-3.5,5.8,8.2,7.1,8.4,5.6,3.4,2.5,5.1,7.8,5.0,5.8,8.7,8.1,8.8,9.5,9.3,8.2,5.8,4.8,6.8,6.9,7.1,7.3,7.8,7.5,7.0,7.1,5.7,5.4,6.4,6.4,5.5,5.6,6.4,7.0,6.7,6.9,7.2,7.2,2.9,2.6,7.0
192,0.0,0.0,0.0,0.0,0.0,0.0,0.0,0.0,0.0,0.0,0.0,0.0,0.0,0.0,0.0,7.1,1.2,14.7,14.3,8.3,-8.6,-9.3,-12.5,14.0,21.9,11.3,-1.0,3.8,7.4,8.6,5.8,9.6,6.1,4.7,-0.2,3.7,8.9,1.4,1.2,1.4,-11.3,7.1,4.0
193,0.0,0.0,0.0,0.0,0.0,0.0,0.0,0.0,0.0,0.0,0.0,6.3,8.2,4.0,6.7,5.7,4.6,5.2,6.0,3.8,6.2,3.8,3.9,3.7,4.0,5.6,3.2,3.3,3.6,3.9,7.7,-12.7,2.4,4.8,-0.2,-28.0,-9.4,-5.1,0.8,1.4,-8.5,-1.0,2.0
194,3.9,6.6,-2.9,-1.1,-1.7,1.2,1.7,1.5,9.3,-3.7,-0.6,-0.7,2.1,-0.1,-13.3,2.9,6.2,3.8,-0.4,4.7,3.9,5.3,4.5,6.9,7.0,7.2,7.9,8.4,7.8,9.2,10.3,5.6,7.6,5.1,4.7,2.9,3.8,3.5,4.0,1.4,-2.8,4.6,2.9
195,0.0,0.0,0.0,0.0,0.0,0.0,0.0,0.0,0.0,0.0,0.0,0.0,0.0,0.0,0.0,0.0,0.0,0.0,0.0,-1.1,-4.2,-0.5,-7.7,-16.2,-6.3,-7.4,-3.6,-3.4,-16.3,7.4,19.7,14.2,16.7,2.0,2.4,1.8,0.5,5.0,4.7,-6.1,-5.2,7.2,3.0
196,0.0,0.0,0.0,0.0,0.0,0.0,0.0,0.0,0.0,0.0,0.0,2.3,0.1,0.9,2.5,2.6,5.0,3.2,4.0,3.1,4.3,4.5,4.9,5.5,5.9,5.9,5.5,6.1,5.2,3.1,5.8,2.7,6.2,3.7,4.0,3.7,2.4,4.0,3.4,2.9,-1.8,4.8,3.7
197,4.4,5.2,4.2,5.4,6.5,5.8,5.3,6.8,7.8,5.4,5.6,4.9,5.5,5.2,5.5,6.4,6.5,4.7,1.4,4.5,5.6,3.7,5.0,6.1,6.9,7.3,7.7,8.6,5.0,4.2,8.3,6.4,5.6,5.8,5.6,5.6,5.4,5.7,5.3,4.1,-0.9,6.6,4.0
198,2.6,3.9,0.5,-0.4,6.4,4.8,2.4,4.5,3.7,4.0,1.3,-1.0,2.3,4.1,4.9,3.2,4.0,4.3,4.1,4.4,3.3,2.7,4.2,3.2,4.2,3.0,2.6,4.2,2.2,1.5,2.4,2.7,3.6,2.2,2.7,2.5,2.9,2.5,2.9,2.1,-2.1,5.0,3.6
199,4.3,2.2,0.2,-1.9,-0.2,-0.1,1.9,1.7,0.4,1.8,1.6,0.6,2.5,0.0,-0.5,5.0,4.2,3.6,3.1,3.8,3.2,1.7,2.8,5.8,3.2,3.4,6.5,3.7,1.8,-1.6,0.1,2.0,0.6,2.0,0.8,1.4,-0.7,0.9,1.7,0.6,-4.7,5.1,12.4
200,2.3,1.4,-1.8,0.9,2.1,0.2,2.2,4.4,0.1,3.2,1.8,2.2,7.3,5.4,3.4,4.7,3.8,5.6,5.4,4.1,3.6,2.2,3.4,2.1,3.8,5.6,7.0,7.0,4.4,-0.1,5.2,5.1,4.5,4.2,4.8,4.9,4.5,4.3,3.9,3.3,-7.1,11.0,4.7
201,0.0,0.0,0.0,0.0,0.0,0.0,0.0,0.0,0.0,0.0,0.0,0.0,0.0,2.1,-7.4,3.6,5.5,6.5,2.8,-1.0,7.2,-0.9,7.1,6.9,9.5,9.8,9.0,7.6,3.0,-1.0,8.0,9.4,5.1,7.4,4.8,4.9,2.8,6.3,3.2,1.9,0.6,9.6,4.6
202,4.2,4.8,4.8,6.0,7.7,7.3,5.7,7.7,8.4,5.0,5.0,5.9,5.7,5.2,6.2,6.4,6.2,5.0,2.3,4.5,6.1,4.2,5.3,5.9,6.8,7.3,8.1,9.4,5.6,4.4,8.7,6.7,5.8,6.0,5.5,5.3,5.1,5.5,5.2,4.4,0.9,6.8,2.9
203,-0.9,-2.6,0.5,4.5,2.8,1.6,3.1,2.4,1.4,0.1,-6.4,-10.2,-11.3,-6.8,-8.3,-1.6,-0.6,1.7,-1.3,3.7,7.2,4.5,4.3,6.1,7.2,5.7,7.5,7.7,4.8,-6.1,3.4,4.3,2.4,1.5,1.1,-0.1,1.5,3.1,3.6,3.1,-3.1,5.1,-1.5
204,1.4,0.1,0.7,2.0,2.5,2.5,2.7,2.9,4.0,3.4,2.4,1.0,-1.9,-1.8,0.3,1.6,1.3,2.8,2.1,3.1,4.6,2.7,1.9,2.3,3.5,2.9,4.3,4.1,1.6,-4.8,2.5,2.4,0.4,0.6,1.5,1.6,1.8,2.7,2.3,2.0,-5.4,5.4,1.9
205,-3.4,0.4,-2.4,-1.1,-1.4,-1.6,1.9,-0.5,2.8,4.3,12.2,10.6,7.3,1.6,1.9,2.7,4.2,3.2,2.9,1.1,6.1,0.8,2.3,12.4,10.5,4.7,5.8,5.2,4.6,0.3,5.2,6.4,3.7,2.8,3.6,2.1,4.9,0.6,1.4,0.5,-3.6,4.0,5.6
206,0.3,-3.6,5.5,3.6,3.5,5.3,0.5,-0.7,3.3,4.1,2.5,4.8,0.0,-0.3,3.4,0.3,5.2,2.6,5.7,4.0,4.3,3.8,3.0,6.3,4.6,5.4,4.6,5.5,4.7,2.8,4.5,-0.6,10.1,1.8,2.2,4.4,3.8,6.2,4.0,2.9,-1.8,5.3,4.1
207,1.0,3.3,-1.8,3.5,6.7,4.0,2.7,3.3,3.9,3.6,2.1,0.2,3.3,2.8,4.2,1.8,3.9,4.7,4.5,4.6,4.2,0.9,1.6,2.6,3.8,3.3,2.9,2.0,0.3,-2.9,3.0,1.9,2.4,1.8,2.4,2.6,1.7,2.3,2.8,2.0,-4.0,5.5,1.8
208,-1.9,2.5,0.3,1.0,3.9,1.1,5.6,-0.1,2.8,4.0,0.5,5.0,10.6,9.1,8.6,-0.6,5.7,-4.4,3.4,3.7,-2.1,0.4,1.0,6.1,2.3,2.7,2.4,4.8,0.6,4.0,7.7,1.9,3.4,3.9,10.5,5.7,4.8,3.9,0.9,3.1,-6.4,-0.4,5.2
209,5.7,-2.3,-0.4,-2.8,4.4,3.9,7.1,3.8,1.1,-0.1,-1.3,3.9,3.0,4.5,4.9,3.7,2.7,4.8,1.2,-1.3,3.2,0.9,0.3,2.1,7.3,5.2,5.7,6.8,5.0,-1.0,6.7,4.9,2.7,3.3,0.5,-1.1,-2.4,0.8,0.5,0.0,-6.6,7.3,3.6
210,5.2,6.0,4.2,6.7,4.1,5.7,4.9,4.1,8.3,5.5,5.3,2.0,5.5,4.3,6.2,6.9,7.3,4.0,5.4,7.4,4.2,4.3,3.8,7.2,7.5,8.9,8.5,8.9,4.2,7.1,9.0,6.3,5.4,6.0,6.9,7.3,7.6,6.6,6.4,3.8,-4.8,8.1,6.4
211,7.0,6.5,4.1,4.6,4.9,1.7,5.0,6.5,8.4,9.1,8.4,7.3,6.7,7.8,7.7,8.0,7.5,4.1,-7.5,3.3,5.8,3.3,5.1,5.8,6.5,5.7,6.0,6.6,5.2,2.4,7.4,5.0,6.1,5.1,4.8,4.9,5.1,5.4,5.3,4.7,-3.2,3.1,5.0
212,0.0,0.0,0.0,0.0,0.0,0.0,0.0,0.0,0.0,0.0,0.0,0.5,0.2,1.7,1.9,4.2,4.8,3.6,2.8,2.5,4.2,5.0,6.2,4.9,6.7,6.2,6.1,6.4,5.5,3.2,6.7,4.5,3.8,4.8,5.0,3.3,1.7,2.9,3.1,2.9,-1.7,4.5,3.4
213,1.7,0.4,0.7,1.8,2.5,2.6,2.7,3.0,4.2,3.8,3.2,1.9,1.2,-0.2,2.7,2.5,1.8,3.1,3.1,3.0,3.9,2.1,1.1,1.0,2.3,1.9,3.2,2.8,0.3,-4.3,2.2,1.6,-0.4,0.2,1.7,2.3,1.9,2.5,1.8,1.6,-6.3,5.6,3.2
214,2.2,2.0,-1.4,2.1,6.1,3.9,3.7,3.5,3.3,2.8,1.4,1.0,3.3,3.1,4.3,2.3,3.7,4.7,3.9,3.5,4.0,1.0,1.4,2.5,4.5,3.7,3.5,3.1,1.4,-2.4,3.8,2.6,2.5,2.2,2.0,1.8,0.9,2.0,2.4,1.6,-4.6,6.0,2.3
215,6.8,6.3,3.9,4.4,4.7,1.8,5.3,6.4,8.4,9.2,8.4,7.4,6.8,7.7,7.6,8.1,7.5,3.8,-8.1,3.0,5.5,3.4,5.1,5.7,6.0,5.4,5.5,6.2,5.4,2.5,6.9,4.8,6.2,5.0,4.7,5.0,5.1,5.5,5.4,4.9,-3.4,3.4,5.3
216,1.3,2.0,0.2,3.2,4.9,3.7,3.3,3.8,4.8,4.0,3.1,1.6,2.2,1.3,3.3,2.9,3.0,3.5,2.8,3.6,4.1,1.5,1.7,2.0,3.3,2.8,3.1,2.7,0.3,-3.3,3.2,1.8,1.2,1.4,2.0,2.3,1.8,2.5,2.3,1.7,-4.4,5.2,2.4
217,6.3,5.9,5.1,7.0,7.5,6.6,6.1,7.2,9.3,6.3,5.9,6.1,8.9,9.0,9.3,8.9,8.4,6.1,2.8,6.5,6.5,6.0,6.6,8.3,8.4,9.3,10.1,11.2,7.3,7.6,9.6,7.9,7.0,6.9,6.9,6.8,6.8,6.6,6.4,5.2,-0.6,7.2,4.4
218,-0.9,-0.6,1.4,4.5,4.1,2.4,4.4,5.0,1.7,0.2,-0.4,-5.6,-8.7,-4.4,-8.3,-0.2,0.4,2.7,-0.7,2.6,7.4,2.7,4.8,6.2,7.8,6.2,7.4,7.2,4.3,-5.7,4.5,5.8,3.1,3.1,1.8,1.0,1.9,4.1,3.4,2.5,-1.7,6.8,0.0
219,3.3,1.9,1.5,1.7,4.1,3.5,4.2,4.0,4.5,3.5,4.1,4.5,2.4,3.0,3.1,4.0,5.1,4.7,2.3,3.5,5.7,3.6,4.4,6.9,7.9,7.1,7.9,8.4,5.7,2.8,7.4,6.4,5.4,5.0,4.7,4.3,4.4,4.8,4.6,3.6,-1.9,6.6,3.7
220,0.0,0.0,0.0,0.0,0.0,0.0,0.0,0.0,0.0,0.0,0.0,0.0,1.4,-0.8,2.5,2.9,1.6,2.6,3.0,2.9,3.8,2.2,0.9,0.6,2.3,1.7,3.2,3.0,0.4,-4.5,2.1,1.7,-0.9,-0.2,1.4,2.0,1.9,2.6,1.8,1.6,-6.1,5.2,3.1
221,1.8,0.1,0.6,1.7,2.5,2.2,2.7,2.6,3.8,3.6,2.7,1.5,1.0,-0.6,2.7,2.8,2.0,2.6,3.0,2.9,3.9,2.3,1.3,1.1,2.8,2.1,3.7,3.4,0.9,-4.2,2.1,1.9,-0.7,0.0,1.7,2.5,2.1,3.0,2.2,2.0,-5.6,5.4,3.2
222,6.4,0.9,-0.5,-2.8,3.9,3.2,4.3,3.3,1.1,1.1,0.6,3.8,3.3,4.0,4.7,1.3,3.8,5.3,2.5,0.2,3.7,0.6,0.4,2.0,6.1,4.4,5.4,5.6,4.0,-1.9,6.1,4.6,3.0,2.9,1.3,0.4,-0.6,1.4,1.2,0.2,-7.0,6.9,3.5
223,0.9,2.0,-0.1,3.3,5.0,3.8,3.1,3.5,4.7,3.8,2.8,1.2,2.1,1.1,3.0,2.5,2.8,3.2,2.9,3.2,3.7,1.2,1.2,1.9,2.9,2.5,2.6,2.0,-0.1,-3.7,2.9,1.6,1.4,1.4,1.8,2.1,1.5,2.2,2.1,1.6,-4.8,5.1,2.0
224,-1.9,-0.2,0.4,0.7,0.3,1.2,2.0,-0.1,3.3,4.3,8.7,8.6,4.9,0.2,1.4,1.7,4.4,3.0,3.6,2.3,5.5,2.5,3.1,10.2,8.8,5.9,6.2,5.9,4.9,1.2,5.0,4.5,5.0,2.9,3.4,3.0,4.2,2.6,2.6,1.7,-2.7,4.5,5.0
225,3.8,4.2,2.2,4.0,6.6,4.3,5.5,6.5,5.5,4.6,4.3,3.8,4.0,4.2,6.2,5.3,4.9,4.7,1.0,5.5,5.9,2.2,3.9,2.8,5.3,4.2,4.8,5.2,1.8,-0.9,6.0,3.5,2.2,2.5,3.0,2.3,2.6,3.1,2.8,2.0,-1.7,5.3,2.8
226,0.0,0.0,0.0,0.0,0.0,0.0,0.0,0.0,0.0,0.0,0.0,0.1,-0.1,1.6,1.8,3.9,4.8,3.5,2.4,2.4,4.0,4.6,6.3,4.8,6.8,6.2,6.0,6.5,5.7,3.7,6.9,5.0,4.8,4.9,5.0,3.2,1.5,3.0,3.3,3.2,-1.6,4.7,3.6
227,2.1,2.0,0.7,2.7,4.6,3.7,3.6,3.9,4.7,3.8,3.4,2.7,2.3,2.0,3.2,3.4,3.9,4.0,2.6,3.5,4.8,2.5,2.9,4.3,5.4,4.9,5.4,5.6,3.1,-0.1,5.4,4.3,3.5,3.4,3.5,3.4,3.3,3.8,3.6,2.8,-3.0,6.0,3.2
